{
    "frames": [

{
    "filename": "laser0001",
    "frame": { "x": 0, "y": 0, "w": 16, "h": 22 },
    "rotated": false,
    "trimmed": false,
    "spriteSourceSize": { "x": 0, "y": 0, "w": 16, "h": 22 },
    "sourceSize": { "w": 16, "h": 22 }
},
{
    "filename": "laser0002",
    "frame": { "x": 0, "y": 22, "w": 24, "h": 22 },
    "rotated": false,
    "trimmed": false,
    "spriteSourceSize": { "x": 0, "y": 0, "w": 24, "h": 22 },
    "sourceSize": { "w": 24, "h": 22 }
},
{
    "filename": "laser0003",
    "frame": { "x": 0, "y": 44, "w": 40, "h": 22 },
    "rotated": false,
    "trimmed": false,
    "spriteSourceSize": { "x": 0, "y": 0, "w": 40, "h": 22 },
    "sourceSize": { "w": 40, "h": 22 }
},
{
    "filename": "laser0004",
    "frame": { "x": 0, "y": 66, "w": 100, "h": 22 },
    "rotated": false,
    "trimmed": false,
    "spriteSourceSize": { "x": 0, "y": 0, "w": 100, "h": 22 },
    "sourceSize": { "w": 100, "h": 22 }
},
{
    "filename": "laser0005",
    "frame": { "x": 0, "y": 88, "w": 182, "h": 22 },
    "rotated": false,
    "trimmed": false,
    "spriteSourceSize": { "x": 0, "y": 0, "w": 182, "h": 22 },
    "sourceSize": { "w": 182, "h": 22 }
},
{
    "filename": "laser0006",
    "frame": { "x": 0, "y": 110, "w": 250, "h": 22 },
    "rotated": false,
    "trimmed": false,
    "spriteSourceSize": { "x": 0, "y": 0, "w": 250, "h": 22 },
    "sourceSize": { "w": 250, "h": 22 }
},
{
    "filename": "laser0007",
    "frame": { "x": 0, "y": 132, "w": 330, "h": 22 },
    "rotated": false,
    "trimmed": false,
    "spriteSourceSize": { "x": 0, "y": 0, "w": 330, "h": 22 },
    "sourceSize": { "w": 330, "h": 22 }
},
{
    "filename": "laser0008",
    "frame": { "x": 0, "y": 154, "w": 400, "h": 22 },
    "rotated": false,
    "trimmed": false,
    "spriteSourceSize": { "x": 0, "y": 0, "w": 400, "h": 22 },
    "sourceSize": { "w": 400, "h": 22 }
}
],
    "meta": {
        "image": "laser.png",
        "format": "RGBA8888",
        "size": { "w": 400, "h": 176 },
        "scale": "1"
    }
}